{
  "game": 46,
  "agent_types": {
    "agent_0": "cooperative",
    "agent_1": "greedy",
    "agent_2": "deceptive",
    "agent_3": "random"
  },
  "num_trajectories": 4,
  "rounds_completed": 50,
  "final_resources": 10.0,
  "final_scores": {
    "agent_0": 11.909090909090908,
    "agent_1": 401.20752330084764,
    "agent_2": 15.941527787857144,
    "agent_3": 135.12324703220418
  }
}