{
  "config": {
    "mode": "full",
    "num_train_games": 100,
    "num_test_games": 30,
    "num_epochs": 150,
    "seed": 42
  },
  "training": {
    "final_train_loss": 0.17276378245279192,
    "final_val_loss": 0.13712993264198303,
    "train_loss_curve": [
      9.420382270455361,
      2.207405771791935,
      1.8677747455239295,
      1.691030177950859,
      1.5596374220848084,
      1.406959333062172,
      1.2982575920522212,
      1.2725134302675725,
      1.2208952017724515,
      1.1705693428814412,
      1.1490957747101784,
      1.0721298013329505,
      1.0439634163975715,
      1.0160655527114868,
      0.9924627323746681,
      0.952479096993804,
      0.9603842326104641,
      0.9139067053198814,
      0.9132214643061161,
      0.8957571313083171,
      0.8664342190921307,
      0.8685549653172493,
      0.8291329741775989,
      0.8450931975245476,
      0.8217229885756969,
      0.8127716482877732,
      0.7777166486382484,
      0.7826441553533077,
      0.7801254566311836,
      0.7654882486462593,
      0.7393118228018284,
      0.7351616507321597,
      0.7397183661460877,
      0.7343525184094906,
      0.7136030139923095,
      0.7269890345931053,
      0.6956905434131623,
      0.701956840351224,
      0.6705083422809839,
      0.666244209036231,
      0.6602665424346924,
      0.6547667598724365,
      0.6558374759554862,
      0.6450618493258953,
      0.6206975669115782,
      0.6331720583885908,
      0.6237430341243744,
      0.6214602243602276,
      0.6068625815808774,
      0.5938900030553341,
      0.584198256701231,
      0.5873361473977565,
      0.5774984858334065,
      0.5749061290472746,
      0.5725139950960875,
      0.5652294078618288,
      0.5582633246034384,
      0.5404362183958292,
      0.5425911767929792,
      0.5355864290595055,
      0.5144314190596342,
      0.5176401623636484,
      0.5170943065583706,
      0.5077137532532215,
      0.4990942107737064,
      0.5036491338312626,
      0.49326473799347875,
      0.47156693556904794,
      0.4752524342685938,
      0.4747039851099253,
      0.4596735309064388,
      0.4645826537013054,
      0.45588115786015987,
      0.4504877343326807,
      0.45221058854460716,
      0.43807640378177165,
      0.42920627081394197,
      0.4216557195484638,
      0.4260165252611041,
      0.42039991754293443,
      0.42117805890738963,
      0.3992509779334068,
      0.41536479802429677,
      0.40191465146839617,
      0.38727347742766144,
      0.3796576017141342,
      0.3898755545988679,
      0.3856038408130407,
      0.38427890807390214,
      0.36802186883986,
      0.37660957184433935,
      0.37056114320456984,
      0.3464405611008406,
      0.34695294201374055,
      0.35152917604893447,
      0.34011735042929647,
      0.33674516195058823,
      0.33742578291893005,
      0.34115411596745254,
      0.3292659559249878,
      0.3227561655268073,
      0.3233362816795707,
      0.32041383827477693,
      0.31469594027847053,
      0.307992932729423,
      0.302269038066268,
      0.29737996888160706,
      0.29673458672314884,
      0.2993945383131504,
      0.2933400802090764,
      0.28395868773013355,
      0.2837091028168798,
      0.29163821417838337,
      0.2788304480537772,
      0.28332181642949583,
      0.2730537244901061,
      0.2637894125431776,
      0.25415433672070503,
      0.25202861860394477,
      0.2671222889274359,
      0.24786448226869107,
      0.25397172044962646,
      0.256128746278584,
      0.24321761275827886,
      0.24363708416372537,
      0.23832664842158555,
      0.2442795637845993,
      0.23524212687462567,
      0.22262008345127104,
      0.23288521402329207,
      0.23129688173532487,
      0.21945803974196315,
      0.21981794075667857,
      0.22258607701957225,
      0.21165065314248205,
      0.20805224219709634,
      0.21677390231937171,
      0.21233685237914324,
      0.20547473084181547,
      0.20432660303264857,
      0.20047966292873026,
      0.20197495275363325,
      0.20543357178941368,
      0.19040586694329978,
      0.19163092029467224,
      0.18553848024085165,
      0.19392244473472237,
      0.18886148188263177,
      0.18583760625123977,
      0.17276378245279192
    ],