{
  "config": {
    "mode": "quick",
    "model_type": "agent_centric",
    "num_train_games": 20,
    "num_test_games": 10,
    "num_epochs": 50,
    "seed": 42
  },
  "training": {
    "final_train_loss": 0.02192003154195845,
    "final_val_loss": 0.016765980049967766,
    "final_reward_loss": 0.008356159552931786,
    "final_score_loss": 0.00840982049703598,
    "train_loss_curve": [
      3.6915453338623045,
      0.5059461128711701,
      0.2812776881828904,
      0.19564961060881614,
      0.16001444950699806,
      0.14504053223878144,
      0.13432062182575463,
      0.1194161963276565,
      0.10813504241406918,
      0.10550690269097686,
      0.0952937089279294,
      0.09666719156317413,
      0.08830429473891854,
      0.08085357179865241,
      0.07591455213725568,
      0.07253371879458427,
      0.06467305066995323,
      0.06307234968990087,
      0.058286334443837406,
      0.05576876351609826,
      0.052061403328552844,
      0.05045544872060418,
      0.04930023214779794,
      0.04523556026630104,
      0.0442801012750715,
      0.04041358512826264,
      0.040796288037672636,
      0.03729323253035546,
      0.03534609009511769,
      0.032869282965548335,
      0.033385466993786396,
      0.03182660619728267,
      0.03136076380498707,
      0.03139521837234497,
      0.030005968837067486,
      0.02769791610073298,
      0.026811813013628127,
      0.025552840381860734,
      0.02656992429867387,
      0.027011627196334303,
      0.024904037779197096,
      0.028285868195816875,
      0.02533322955481708,
      0.024279688773676752,
      0.02372609226964414,
      0.024008662747219203,
      0.022983042201958598,
      0.022962864716537298,
      0.02330174308270216,
      0.02192003154195845
    ],
    "val_loss_curve": [
      0.2857247591018677,
      0.08308061584830284,
      0.07742282375693321,
      0.017120993696153164,
      0.050852490589022636,
      0.08809251338243484,
      0.06677417270839214,
      0.053739361464977264,
      0.06468667089939117,
      0.031450770795345306,
      0.08859582617878914,
      0.023151814006268978,
      0.024157924577593803,
      0.01641675177961588,
      0.013433947693556547,
      0.016477241180837154,
      0.025377177633345127,
      0.02483093272894621,
      0.017968814820051193,
      0.017310368828475475,
      0.022355124354362488,
      0.014432864729315042,
      0.02347475290298462,
      0.017769787460565567,
      0.01931859739124775,
      0.022533117793500423,
      0.018124655820429325,
      0.029402374289929867,
      0.026422588154673576,
      0.01934114471077919,
      0.01708795689046383,
      0.015888947527855635,
      0.02249737549573183,
      0.038524752482771873,
      0.02017851173877716,
      0.025966825895011425,
      0.021242055110633373,
      0.02184339053928852,
      0.015852398239076138,
      0.018115010112524033,
      0.02102926280349493,
      0.021680811420083046,
      0.01928961928933859,
      0.02226339653134346,
      0.026117627508938313,
      0.027436263859272003,
      0.015647699125111103,
      0.015972448512911797,
      0.02344125136733055,
      0.016765980049967766
    ]
  },
  "test_results": {
    "num_trajectories": 40,
    "avg_mean_error": 0.008627167927608788,
    "std_mean_error": 0.0012182899279303352,
    "avg_max_error": 0.06449593711135095,
    "min_mean_error": 0.005860883285892742,
    "max_mean_error": 0.01147959901557364,
    "success": true,
    "avg_error_success": true,
    "consistency_success": true
  },
  "sample_fingerprints": [
    {
      "mean_error": 0.009546723764141684,
      "std_error": 0.012638879705866425,
      "max_error": 0.07120629765456685,
      "median_error": 0.0056512392858851295,
      "error_skewness": 2.1848256006813034,
      "error_kurtosis": 5.534609438067871,
      "early_error": 0.010430869709429694,
      "mid_error": 0.007064890353598848,
      "late_error": 0.011097420421594902,
      "error_trend": 2.8500803205574813e-05,
      "harvest_efficiency": 0.19102454054295778,
      "resource_utilization": 0.19102454054295775,
      "action_variance": 0.21331891281515541,
      "action_entropy": 0.898150769181808,
      "sustainability_rate": 1.0,
      "resource_preservation": 0.35643060219774125,
      "greed_index": 0.0,
      "restraint_index": 0.98,
      "scarcity_response": 0,
      "early_avg_action": 2.917490246758283,
      "late_avg_action": 1.8008164302102352,
      "early_late_divergence": 1.1166738165480479,
      "action_trend": -0.006520180999364604,
      "action_autocorrelation": 0.9452610526831874,
      "total_reward": 191.0245405429578,
      "total_harvest": 191.0245405429578
    },
    {
      "mean_error": 0.007137592285504407,
      "std_error": 0.01200292263451185,
      "max_error": 0.09516324710052387,
      "median_error": 0.0028221505808413566,
      "error_skewness": 4.429246001081688,
      "error_kurtosis": 27.083528144528167,
      "early_error": 0.009476879278275367,
      "mid_error": 0.005496455874650954,
      "late_error": 0.0064599755442315285,
      "error_trend": -2.4046717648026935e-05,
      "harvest_efficiency": 0.18931653717986988,
      "resource_utilization": 0.1893165371798699,
      "action_variance": 0.20087432985951487,
      "action_entropy": 1.0205633982396867,
      "sustainability_rate": 1.0,
      "resource_preservation": 0.35643060219774125,
      "greed_index": 0.0,
      "restraint_index": 0.99,
      "scarcity_response": 0,
      "early_avg_action": 2.8673425493029905,
      "late_avg_action": 1.7845864867685797,
      "early_late_divergence": 1.0827560625344108,
      "action_trend": -0.006365884453870919,
      "action_autocorrelation": 0.9216866100477403,
      "total_reward": 189.31653717986987,
      "total_harvest": 189.31653717986987
    },
    {
      "mean_error": 0.008621669906334187,
      "std_error": 0.010126785726886012,
      "max_error": 0.04603927497382948,
      "median_error": 0.004466865182832187,
      "error_skewness": 1.5213294626236757,
      "error_kurtosis": 1.9574066411615112,
      "early_error": 0.00770566681751351,
      "mid_error": 0.00793504160914756,
      "late_error": 0.010177165075105984,
      "error_trend": 1.7854589117535627e-05,
      "harvest_efficiency": 0.18915248820896252,
      "resource_utilization": 0.18915248820896252,
      "action_variance": 0.20333755093927355,
      "action_entropy": 0.8183042316955693,
      "sustainability_rate": 1.0,
      "resource_preservation": 0.35643060219774125,
      "greed_index": 0.0,
      "restraint_index": 0.99,
      "scarcity_response": 0,
      "early_avg_action": 2.839541167823776,
      "late_avg_action": 1.759062091186152,
      "early_late_divergence": 1.0804790766376238,
      "action_trend": -0.006522766578601716,
      "action_autocorrelation": 0.8990947126053056,
      "total_reward": 189.15248820896252,
      "total_harvest": 189.15248820896252
    },
    {
      "mean_error": 0.008651581923850859,
      "std_error": 0.011554401819107715,
      "max_error": 0.05362161245911588,
      "median_error": 0.0036414991065152258,
      "error_skewness": 1.8149581190151989,
      "error_kurtosis": 2.879842218443403,
      "early_error": 0.009539647071624824,
      "mid_error": 0.009808065399237875,
      "late_error": 0.006667167083724025,
      "error_trend": -4.611799903885213e-05,
      "harvest_efficiency": 0.19075859308616044,
      "resource_utilization": 0.19075859308616044,
      "action_variance": 0.20936379026509294,
      "action_entropy": 0.8823346887134509,
      "sustainability_rate": 1.0,
      "resource_preservation": 0.35643060219774125,
      "greed_index": 0.0,
      "restraint_index": 0.98,
      "scarcity_response": 0,
      "early_avg_action": 2.9069839106097377,
      "late_avg_action": 1.8364051941289912,
      "early_late_divergence": 1.0705787164807465,
      "action_trend": -0.006459201527414681,
      "action_autocorrelation": 0.9374274846518278,
      "total_reward": 190.75859308616043,