{
  "config": {
    "mode": "quick",
    "num_games": 20,
    "seed": 42,
    "model_path": "results/exp1_baseline_20251126_163928/world_model.pt"
  },
  "defector_results": {
    "greedy": {
      "accuracy": 0.75,
      "auroc": 0.4533333333333333,
      "confusion_matrix": [
        [
          60,
          0
        ],
        [
          20,
          0
        ]
      ],
      "threshold": 3204.90321142908,
      "cooperative_mean_error": 3052.66005859375,
      "cooperative_std_error": 75.06928149578987,
      "defector_mean_error": 3041.941162109375,
      "defector_std_error": 85.52292995150691,
      "t_statistic": -0.5267902027796961,
      "p_value": 0.5998342622972945,
      "cohens_d": -0.13321018296752588,
      "num_cooperative": 60,
      "num_defector": 20
    },
    "deceptive": {
      "accuracy": 0.775,
      "auroc": 0.585,
      "confusion_matrix": [
        [
          59,
          1
        ],
        [
          17,
          3
        ]
      ],
      "threshold": 1808.2606915052659,
      "cooperative_mean_error": 1708.8985107421875,
      "cooperative_std_error": 47.75980131903914,
      "defector_mean_error": 1730.2223205566406,
      "defector_std_error": 59.34855203320807,
      "t_statistic": 1.601964605057316,
      "p_value": 0.11320582601437923,
      "cohens_d": 0.3958623388686207,
      "num_cooperative": 60,
      "num_defector": 20
    },
    "adaptive_greedy": {
      "accuracy": 0.7375,
      "auroc": 0.5275000000000001,
      "confusion_matrix": [
        [
          58,
          2
        ],
        [
          19,
          1
        ]
      ],
      "threshold": 2.3034183853235155,
      "cooperative_mean_error": 1.847904521226883,
      "cooperative_std_error": 0.24226974811982657,
      "defector_mean_error": 1.8845369637012481,
      "defector_std_error": 0.23519336015896275,
      "t_statistic": 0.5824549105333238,
      "p_value": 0.5619402706011571,
      "cohens_d": 0.15342931937101592,
      "num_cooperative": 60,
      "num_defector": 20
    },
    "strategic": {
      "accuracy": 0.75,
      "auroc": 0.5358333333333333,
      "confusion_matrix": [
        [
          59,
          1
        ],
        [
          19,
          1
        ]
      ],
      "threshold": 1089.8899531289233,
      "cooperative_mean_error": 1029.4927368164062,
      "cooperative_std_error": 30.003600832039794,
      "defector_mean_error": 1030.9517456054687,
      "defector_std_error": 34.212337057209865,
      "t_statistic": 0.17935638417722066,
      "p_value": 0.8581229740524381,
      "cohens_d": 0.04534342349006735,
      "num_cooperative": 60,
      "num_defector": 20
    }
  },
  "overall": {
    "avg_accuracy": 0.753125,
    "avg_auroc": 0.5254166666666666,
    "success": false
  }
}