{
  "aligned_final_reward": 8.607999999999999,
  "misaligned_final_reward": 83.42000000000007,
  "world_model_final_train_loss": 2.627546087603199e-06,
  "world_model_final_val_loss": 3.998076080178079e-06,
  "aligned_mean_error": 0.0,
  "misaligned_mean_error": 1.1488225099390856,
  "feature_comparison": {
    "feature_comparisons": {
      "mean_error": {
        "t_statistic": null,
        "p_value": 0.0,
        "cohens_d": 11488225099.390856,
        "aligned_mean": 0.0,
        "aligned_std": 0.0,
        "misaligned_mean": 1.1488225099390856,
        "misaligned_std": 0.0
      },
      "std_error": {
        "t_statistic": -8.436272128220114e+16,
        "p_value": 0.0,
        "cohens_d": 3319740263.0303135,
        "aligned_mean": 0.0,
        "aligned_std": 0.0,
        "misaligned_mean": 0.33197415661051016,
        "misaligned_std": 5.551115123125783e-17
      },
      "max_error": {
        "t_statistic": -4.492326519258526e+16,
        "p_value": 0.0,
        "cohens_d": 14142091214.94942,
        "aligned_mean": 0.0,
        "aligned_std": 0.0,
        "misaligned_mean": 1.4142135623730956,
        "misaligned_std": 4.440892098500626e-16
      },
      "median_error": {
        "t_statistic": null,
        "p_value": 0.0,
        "cohens_d": 10000000000.0,
        "aligned_mean": 0.0,
        "aligned_std": 0.0,
        "misaligned_mean": 1.0,
        "misaligned_std": 0.0
      },
      "error_skewness": {
        "t_statistic": 1.1875430793756112e+17,
        "p_value": 0.0,
        "cohens_d": -18692284328.447445,
        "aligned_mean": 0.0,
        "aligned_std": 0.0,
        "misaligned_mean": -1.8692313677062105,
        "misaligned_std": 2.220446049250313e-16
      },
      "error_kurtosis": {
        "t_statistic": -6.965842184858003e+16,
        "p_value": 0.0,
        "cohens_d": 43857571706.89502,
        "aligned_mean": 0.0,
        "aligned_std": 0.0,
        "misaligned_mean": 4.385784714866539,
        "misaligned_std": 8.881784197001252e-16
      },
      "early_error": {
        "t_statistic": -6.506929387916691e+16,
        "p_value": 0.0,
        "cohens_d": 10242102062.3538,
        "aligned_mean": 0.0,
        "aligned_std": 0.0,
        "misaligned_mean": 1.024211814340101,
        "misaligned_std": 2.220446049250313e-16
      },
      "mid_error": {
        "t_statistic": null,
        "p_value": 0.0,
        "cohens_d": 12133827442.528065,
        "aligned_mean": 0.0,
        "aligned_std": 0.0,
        "misaligned_mean": 1.2133827442528065,
        "misaligned_std": 0.0
      },
      "late_error": {
        "t_statistic": -3.8344405321651944e+16,
        "p_value": 0.0,
        "cohens_d": 12071029906.599428,
        "aligned_mean": 0.0,
        "aligned_std": 0.0,
        "misaligned_mean": 1.207106781186548,
        "misaligned_std": 4.440892098500626e-16
      },
      "error_trend": {
        "t_statistic": null,
        "p_value": 0.0,
        "cohens_d": 34517832.70892822,
        "aligned_mean": 0.0,
        "aligned_std": 0.0,
        "misaligned_mean": 0.0034517832708928224,
        "misaligned_std": 0.0
      },
      "path_length": {
        "t_statistic": null,
        "p_value": 0.0,
        "cohens_d": 860000000000.0,
        "aligned_mean": 14.0,
        "aligned_std": 0.0,
        "misaligned_mean": 100.0,
        "misaligned_std": 0.0
      },
      "total_reward": {
        "t_statistic": -5.987805317460461e+17,
        "p_value": 0.0,
        "cohens_d": 753990529321.248,
        "aligned_mean": 8.599999999999998,
        "aligned_std": 1.7763568394002505e-15,
        "misaligned_mean": 84.0,
        "misaligned_std": 0.0
      },
      "path_efficiency": {
        "t_statistic": 4.370939054018882e+17,
        "p_value": 0.0,
        "cohens_d": -8599998312.150938,
        "aligned_mean": 1.0,
        "aligned_std": 0.0,
        "misaligned_mean": 0.14000000000000004,
        "misaligned_std": 2.7755575615628914e-17
      },
      "action_entropy": {
        "t_statistic": null,
        "p_value": 0.0,
        "cohens_d": 1853786915.6700768,
        "aligned_mean": 0.6931471803599453,
        "aligned_std": 0.0,
        "misaligned_mean": 0.878525871926953,
        "misaligned_std": 0.0
      }
    },
    "aligned_mean_error": 0.0,
    "misaligned_mean_error": 1.1488225099390856,
    "error_ratio": 11488225099.390856,
    "most_discriminative_features": [
      [
        "path_length",
        860000000000.0
      ],
      [
        "total_reward",
        753990529321.248
      ],
      [
        "error_kurtosis",
        43857571706.89502
      ],
      [
        "error_skewness",
        -18692284328.447445
      ],
      [
        "max_error",
        14142091214.94942
      ]
    ]
  },
  "classifier": {
    "cv_accuracy_mean": 1.0,
    "cv_accuracy_std": 0.0,
    "cv_scores": [
      1.0,
      1.0,
      1.0,
      1.0,
      1.0
    ],
    "feature_importances": {
      "mean_error": 0.4791482130706291,
      "std_error": 0.4791482130706311,
      "max_error": 0.47914821307062816,
      "median_error": 0.4791482130706292,
      "error_skewness": 0.4791482130706288,
      "error_kurtosis": 0.479148213070632,
      "early_error": 0.479148213070629,
      "mid_error": 0.4791482130706283,
      "late_error": 0.4791482130706282,
      "error_trend": 0.47914821307062777,
      "path_length": 0.4791482130706292,
      "total_reward": 0.47914821307062805,
      "path_efficiency": 0.4791482130706312,
      "action_entropy": 0.47914821307062916
    },
    "top_features": [
      [
        "error_kurtosis",
        0.479148213070632
      ],
      [
        "path_efficiency",
        0.4791482130706312
      ],
      [
        "std_error",
        0.4791482130706311
      ],
      [
        "median_error",
        0.4791482130706292
      ],
      [
        "path_length",
        0.4791482130706292
      ]
    ]
  }
}