{
  "train_mse": 0.07640414682181965,
  "test_mse": 0.22923171181780946,
  "train_r2": 0.9429146597531756,
  "test_r2": 0.8200331370999121,
  "train_samples": 2000,
  "test_samples": 1000
}