{
  "config": {
    "mode": "quick",
    "num_train_games": 20,
    "num_test_games": 10,
    "num_epochs": 50,
    "seed": 42
  },
  "training": {
    "final_train_loss": 1.10346179574728,
    "final_val_loss": 1.294103980064392,
    "train_loss_curve": [
      42.88187665104866,
      4.159555865526199,
      3.1533762186765673,
      2.468215024471283,
      2.350138016343117,
      2.455242593884468,
      2.2032652017474175,
      1.9532943013310433,
      2.0330639287829397,
      1.818117827475071,
      1.9182032147049903,
      1.864808328449726,
      1.7650495180487633,
      1.7187057486176491,
      1.7664922487735748,
      1.711542657017708,
      1.5954761907458306,
      1.675665397644043,
      1.690923755466938,
      1.6456380733847618,
      1.602190993130207,
      1.5743513131141662,
      1.5757225355505944,
      1.529526461660862,
      1.6207555842399597,
      1.5136142647266388,
      1.422370303273201,
      1.4784208096563816,
      1.3875433719158172,
      1.377673062235117,
      1.376662094295025,
      1.4408210644125938,
      1.3256177365779878,
      1.3057759070396424,
      1.3914053378999234,
      1.301981560587883,
      1.2972420164942742,
      1.2983830028772354,
      1.2637512589991093,
      1.211496117413044,
      1.201455439031124,
      1.2210360372066498,
      1.2084918461740017,
      1.200558826625347,
      1.2453485748171806,
      1.209547811448574,
      1.201928214430809,
      1.1977923534810544,
      1.1312473529577256,
      1.10346179574728
    ],
    "val_loss_curve": [
      0.3319721817970276,
      0.12967059016227722,
      0.5133597254753113,
      0.35719525814056396,
      0.2223026156425476,
      0.25841912627220154,
      0.8058719635009766,
      0.37422266602516174,
      0.7975992560386658,
      1.4785752296447754,
      0.515501081943512,
      0.4677913784980774,
      0.15771795809268951,
      0.09278842806816101,
      1.1341891288757324,
      0.10525042563676834,
      0.5048038959503174,
      0.9527345895767212,
      1.0445011854171753,
      0.5156470537185669,
      0.9342638254165649,
      0.41837024688720703,
      0.44799983501434326,
      0.306483656167984,
      1.316028118133545,
      0.5078235268592834,
      2.1202123165130615,
      1.6678831577301025,
      1.2567057609558105,
      1.7586547136306763,
      1.4499760866165161,
      1.235915184020996,
      1.0697345733642578,
      0.3385383188724518,
      1.7579638957977295,
      1.310638666152954,
      1.1307358741760254,
      0.7759042382240295,
      1.939894676208496,
      2.7309913635253906,
      1.3742841482162476,
      1.671032190322876,
      1.1340830326080322,
      1.6954699754714966,
      2.0077133178710938,
      0.5272889733314514,
      1.1426997184753418,
      1.080679178237915,
      2.879546642303467,
      1.294103980064392
    ]
  },
  "test_results": {
    "num_trajectories": 40,
    "avg_mean_error": 1.2892951130867005,
    "avg_max_error": 7.229020977020264,
    "std_mean_error": 0.049806549683566806,
    "success": true
  },
  "sample_fingerprints": [
    {
      "mean_error": 1.3417069911956787,
      "std_error": 0.9139465093612671,
      "max_error": 8.153867721557617,
      "median_error": 1.1750068664550781,
      "error_skewness": 5.293223857879639,
      "error_kurtosis": 33.18164825439453,
      "early_error": 1.933958649635315,
      "mid_error": 1.1817289590835571,
      "late_error": 0.9221469163894653,
      "error_trend": -0.017239852102175563,
      "harvest_efficiency": 0.19102454054295778,
      "resource_utilization": 0.19102454054295775,
      "action_variance": 0.21331891281515541,
      "action_entropy": 0.898150769181808,
      "sustainability_rate": 1.0,
      "resource_preservation": 0.35643060219774125,
      "greed_index": 0.0,
      "restraint_index": 0.98,
      "scarcity_response": 0,
      "early_avg_action": 2.917490246758283,
      "late_avg_action": 1.8008164302102352,
      "early_late_divergence": 1.1166738165480479,
      "action_trend": -0.006520180999364604,
      "action_autocorrelation": 0.9452610526831874,
      "total_reward": 191.0245405429578,
      "total_harvest": 191.0245405429578
    },
    {
      "mean_error": 1.3417069911956787,
      "std_error": 0.9139465093612671,
      "max_error": 8.153867721557617,
      "median_error": 1.1750068664550781,
      "error_skewness": 5.293223857879639,
      "error_kurtosis": 33.18164825439453,
      "early_error": 1.933958649635315,
      "mid_error": 1.1817289590835571,
      "late_error": 0.9221469163894653,
      "error_trend": -0.017239852102175563,
      "harvest_efficiency": 0.18931653717986988,
      "resource_utilization": 0.1893165371798699,
      "action_variance": 0.20087432985951487,
      "action_entropy": 1.0205633982396867,
      "sustainability_rate": 1.0,
      "resource_preservation": 0.35643060219774125,
      "greed_index": 0.0,
      "restraint_index": 0.99,
      "scarcity_response": 0,
      "early_avg_action": 2.8673425493029905,
      "late_avg_action": 1.7845864867685797,
      "early_late_divergence": 1.0827560625344108,
      "action_trend": -0.006365884453870919,
      "action_autocorrelation": 0.9216866100477403,
      "total_reward": 189.31653717986987,
      "total_harvest": 189.31653717986987
    },
    {
      "mean_error": 1.3417069911956787,
      "std_error": 0.9139465093612671,
      "max_error": 8.153867721557617,
      "median_error": 1.1750068664550781,
      "error_skewness": 5.293223857879639,
      "error_kurtosis": 33.18164825439453,
      "early_error": 1.933958649635315,
      "mid_error": 1.1817289590835571,
      "late_error": 0.9221469163894653,
      "error_trend": -0.017239852102175563,
      "harvest_efficiency": 0.18915248820896252,
      "resource_utilization": 0.18915248820896252,
      "action_variance": 0.20333755093927355,
      "action_entropy": 0.8183042316955693,
      "sustainability_rate": 1.0,
      "resource_preservation": 0.35643060219774125,
      "greed_index": 0.0,
      "restraint_index": 0.99,
      "scarcity_response": 0,
      "early_avg_action": 2.839541167823776,
      "late_avg_action": 1.759062091186152,
      "early_late_divergence": 1.0804790766376238,
      "action_trend": -0.006522766578601716,
      "action_autocorrelation": 0.8990947126053056,
      "total_reward": 189.15248820896252,
      "total_harvest": 189.15248820896252
    },
    {
      "mean_error": 1.3417069911956787,
      "std_error": 0.9139465093612671,
      "max_error": 8.153867721557617,
      "median_error": 1.1750068664550781,
      "error_skewness": 5.293223857879639,
      "error_kurtosis": 33.18164825439453,
      "early_error": 1.933958649635315,
      "mid_error": 1.1817289590835571,
      "late_error": 0.9221469163894653,
      "error_trend": -0.017239852102175563,
      "harvest_efficiency": 0.19075859308616044,
      "resource_utilization": 0.19075859308616044,
      "action_variance": 0.20936379026509294,
      "action_entropy": 0.8823346887134509,
      "sustainability_rate": 1.0,
      "resource_preservation": 0.35643060219774125,
      "greed_index": 0.0,
      "restraint_index": 0.98,
      "scarcity_response": 0,
      "early_avg_action": 2.9069839106097377,
      "late_avg_action": 1.8364051941289912,
      "early_late_divergence": 1.0705787164807465,
      "action_trend": -0.006459201527414681,
      "action_autocorrelation": 0.9374274846518278,
      "total_reward": 190.75859308616043,
      "total_harvest": 190.75859308616043
    },
    {
      "mean_error": 1.3482860326766968,
      "std_error": 0.7492393255233765,
      "max_error": 6.456432342529297,
      "median_error": 1.2267467975616455,
      "error_skewness": 4.197321891784668,
      "error_kurtosis": 22.918834686279297,
      "early_error": 1.8787565231323242,
      "mid_error": 1.2390364408493042,
      "late_error": 0.939453661441803,
      "error_trend": -0.015878238953021873,
      "harvest_efficiency": 0.19024113449551142,